<?xml version="1.0" encoding="UTF-8"?>
<project-private xmlns="http://www.netbeans.org/ns/project-private/1">
    <editor-bookmarks xmlns="http://www.netbeans.org/ns/editor-bookmarks/2" lastBookmarkId="0"/>
    <open-files xmlns="http://www.netbeans.org/ns/projectui-open-files/2">
        <group>
            <file>file:/C:/Users/DELL/Desktop/REMS/src/rems/REMS.java</file>
            <file>file:/C:/Users/DELL/Desktop/REMS/src/View/Owner.java</file>
            <file>file:/C:/Users/DELL/Desktop/REMS/src/Controller/p_property.java</file>
            <file>file:/C:/Users/DELL/Desktop/REMS/src/View/Property_Type.java</file>
            <file>file:/C:/Users/DELL/Desktop/REMS/src/Controller/p_client.java</file>
            <file>file:/C:/Users/DELL/Desktop/REMS/src/View/Property.java</file>
            <file>file:/C:/Users/DELL/Desktop/REMS/src/Model/dbconnection.java</file>
            <file>file:/C:/Users/DELL/Desktop/REMS/src/Controller/p_owner.java</file>
            <file>file:/C:/Users/DELL/Desktop/REMS/src/View/Login.java</file>
            <file>file:/C:/Users/DELL/Desktop/REMS/src/View/Client.java</file>
            <file>file:/C:/Users/DELL/Desktop/REMS/src/View/Dashboard.java</file>
            <file>file:/C:/Users/DELL/Desktop/REMS/src/Controller/p_type.java</file>
        </group>
    </open-files>
</project-private>
